{
  "norm_stats": {
    "state": {
      "mean": [
        -0.02778496779501438,
        -0.007156846579164267,
        0.20136544108390808,
        3.1018857955932617,
        -0.22906295955181122,
        -0.13082806766033173,
        0.029387911781668663,
        -0.0308374110609293
      ],
      "std": [
        0.06713845580816269,
        0.1774032860994339,
        0.0777437761425972,
        0.09065455943346024,
        0.34288474917411804,
        0.21243995428085327,
        0.009491835720837116,
        0.008992367424070835
      ],
      "q01": [
        -0.1512410044670105,
        -0.25250664353370667,
        0.045811526477336884,
        2.938093662261963,
        -0.7659334540367126,
        -0.4588979184627533,
        0.006012049037963152,
        -0.03993301838636398
      ],
      "q99": [
        0.08440907299518585,
        0.2827654480934143,
        0.31610649824142456,
        3.2275619506835938,
        0.34490445256233215,
        0.5372775197029114,
        0.03986787423491478,
        -0.006360555998980999
      ]
    },
    "actions": {
      "mean": [
        0.0692163035273552,
        0.13333812355995178,
        -0.046469710767269135,
        0.0011834650067612529,
        0.006952975876629353,
        -0.015116509050130844,
        0.06516166031360626
      ],
      "std": [
        0.2692731022834778,
        0.4363848865032196,
        0.44584423303604126,
        0.02424684539437294,
        0.049551527947187424,
        0.042616963386535645,
        0.9978747367858887
      ],
      "q01": [
        -0.4955357015132904,
        -0.8651785850524902,
        -0.8973214030265808,
        -0.06428571790456772,
        -0.12214285880327225,
        -0.1339285671710968,
        -1.0
      ],
      "q99": [
        0.8276785612106323,
        0.8330357074737549,
        0.9375,
        0.0771428570151329,
        0.1510714292526245,
        0.08250000327825546,
        1.0
      ]
    }
  },
  "metadata": {
    "data_dir": "/datasets/liber-datasets",
    "subsets": [
      "libero_object"
    ],
    "num_demos": 500,
    "num_steps": 74507,
    "state_dim": 8,
    "action_dim": 7,
    "state_labels": [
      "ee_x",
      "ee_y",
      "ee_z",
      "ori_r",
      "ori_p",
      "ori_y",
      "grip_0",
      "grip_1"
    ],
    "action_labels": [
      "dx",
      "dy",
      "dz",
      "dr",
      "dp",
      "dyaw",
      "gripper"
    ]
  }
}