{
  "norm_stats": {
    "state": {
      "mean": [
        -0.02778496779501438,
        -0.007156846579164267,
        0.20136544108390808,
        3.1018857955932617,
        -0.22906295955181122,
        -0.13082806766033173,
        0.029387911781668663,
        -0.0308374110609293
      ],
      "std": [
        0.06713845580816269,
        0.1774032860994339,
        0.0777437761425972,
        0.09065455943346024,
        0.34288474917411804,
        0.21243995428085327,
        0.009491835720837116,
        0.008992367424070835
      ],
      "q01": [
        -0.15054567158222198,
        -0.25249814987182617,
        0.04566337913274765,
        2.937748670578003,
        -0.7594250440597534,
        -0.4602583646774292,
        0.003038279712200165,
        -0.03993301838636398
      ],
      "q99": [
        0.08560080826282501,
        0.2813260853290558,
        0.31487077474594116,
        3.2297451496124268,
        0.35980451107025146,
        0.5352046489715576,
        0.03986825421452522,
        -0.0031407461501657963
      ]
    },
    "actions": {
      "mean": [
        0.0692163035273552,
        0.13333812355995178,
        -0.046469710767269135,
        0.0011834650067612529,
        0.006952975876629353,
        -0.015116509050130844,
        0.06516166031360626
      ],
      "std": [
        0.2692731022834778,
        0.4363848865032196,
        0.44584423303604126,
        0.02424684539437294,
        0.049551527947187424,
        0.042616963386535645,
        0.9978747367858887
      ],
      "q01": [
        -0.5035982131958008,
        -0.8571428656578064,
        -0.8919642567634583,
        -0.06428571790456772,
        -0.12001071125268936,
        -0.13285714387893677,
        -1.0
      ],
      "q99": [
        0.8276785612106323,
        0.8330357074737549,
        0.9375,
        0.07608214020729065,
        0.1510821431875229,
        0.08036785572767258,
        1.0
      ]
    }
  },
  "metadata": {
    "data_dir": "/datasets",
    "subsets": [
      "libero_object"
    ],
    "num_demos": 500,
    "num_steps": 74507,
    "state_dim": 8,
    "action_dim": 7,
    "state_labels": [
      "ee_x",
      "ee_y",
      "ee_z",
      "ori_r",
      "ori_p",
      "ori_y",
      "grip_0",
      "grip_1"
    ],
    "action_labels": [
      "dx",
      "dy",
      "dz",
      "dr",
      "dp",
      "dyaw",
      "gripper"
    ]
  }
}